{
    "123": {
        "pose": [
            [
                0.14005364306499513,
                -0.988191550187773,
                -0.06214850924768116,
                0.06538455214184422
            ],
            [
                -0.9572273030748929,
                -0.15118035108995065,
                0.24669899005120874,
                0.009865579498270645
            ],
            [
                -0.2531814908562434,
                0.02493915760015611,
                -0.9670972914376322,
                0.28023835950921844
            ],
            [
                0.0,
                0.0,
                0.0,
                1.0
            ]
        ],
        "corner": [
            [
                438.0,
                293.0
            ],
            [
                446.0,
                252.0
            ],
            [
                489.0,
                259.0
            ],
            [
                480.0,
                299.0
            ]
        ],
        "move": "robot1_aruco_123.json"
    },
    "10": {
        "pose": [
            [
                0.14005364306499513,
                -0.988191550187773,
                -0.06214850924768116,
                0.06538455214184422
            ],
            [
                -0.9572273030748929,
                -0.15118035108995065,
                0.24669899005120874,
                0.009865579498270645
            ],
            [
                -0.2531814908562434,
                0.02493915760015611,
                -0.9670972914376322,
                0.28023835950921844
            ],
            [
                0.0,
                0.0,
                0.0,
                1.0
            ]
        ],
        "corner": [
            [
                438.0,
                293.0
            ],
            [
                446.0,
                252.0
            ],
            [
                489.0,
                259.0
            ],
            [
                480.0,
                299.0
            ]
        ],
        "move": "robot1_aruco_123.json"
    },
    "14": {
        "pose": [
            [
                0.9997134414724446,
                0.006484027840098807,
                0.023043270650897875,
                0.04696991205440737
            ],
            [
                0.00829570698058805,
                -0.9968070398564787,
                -0.07941603451606667,
                0.02504666855577249
            ],
            [
                0.022454758627380757,
                0.07958443739534567,
                -0.9965751858938957,
                0.28249597214101146
            ],
            [
                0.0,
                0.0,
                0.0,
                1.0
            ]
        ],
        "corner": [
            [
                401.8957824707031,
                286.70306396484375
            ],
            [
                443.8521728515625,
                286.755859375
            ],
            [
                444.3243408203125,
                329.455078125
            ],
            [
                401.88751220703125,
                329.08319091796875
            ]
        ],
        "move": "robot1_aruco_14.json"
    },
    "178": {
        "pose": [
            [
                -0.9896332146953973,
                0.020119343040277814,
                -0.1422016610566885,
                0.0976723364898147
            ],
            [
                0.03133505724926504,
                0.9965325287793613,
                -0.07707809852219334,
                -0.03035475512656601
            ],
            [
                0.14015782018438708,
                -0.08073494361327867,
                -0.9868321307704374,
                0.289293714103722
            ],
            [
                0.0,
                0.0,
                0.0,
                1.0
            ]
        ],
        "corner": [
            [
                548.4093017578125,
                211.5605010986328
            ],
            [
                505.3108215332031,
                213.36257934570312
            ],
            [
                503.5013732910156,
                172.5895538330078
            ],
            [
                546.411376953125,
                170.44732666015625
            ]
        ],
        "move": "robot1_aruco_178.json"
    },
    "198": {
        "pose": [
            [
                0.992061533186147,
                -0.08714250012263967,
                -0.09066476186880636,
                0.12059046185107727
            ],
            [
                -0.08302151694301184,
                -0.9953775816695184,
                0.04827937069000119,
                -0.00498409895068418
            ],
            [
                -0.09445285647788963,
                -0.040368980444359666,
                -0.9947105123205696,
                0.323786792467444
            ],
            [
                0.0,
                0.0,
                0.0,
                1.0
            ]
        ],
        "corner": [
            [
                526.33837890625,
                228.72268676757812
            ],
            [
                564.36181640625,
                225.49647521972656
            ],
            [
                567.0136108398438,
                262.3603515625
            ],
            [
                528.90185546875,
                265.51324462890625
            ]
        ],
        "move": "robot1_aruco_198.json"
    },
    "0": {
        "pose": [
            [
                0.9434818752923326,
                -0.32386725867628996,
                -0.07068291571071911,
                0.043543731295193816
            ],
            [
                -0.322677139715111,
                -0.9460897225141512,
                0.027382318352744753,
                0.004631670648321533
            ],
            [
                -0.07574687435816477,
                -0.0030234306106957515,
                -0.9971345390128208,
                0.3360803547330125
            ],
            [
                0.0,
                0.0,
                0.0,
                1.0
            ]
        ],
        "corner": [
            [
                288.2357482910156,
                208.03318786621094
            ],
            [
                457.8200378417969,
                148.92584228515625
            ],
            [
                515.9916381835938,
                319.34002685546875
            ],
            [
                345.38897705078125,
                374.5965270996094
            ]
        ],
        "move": "records/robot1_aruco_0.json"
    }
}